Original,Filtered
-0.325,-0.3248969926130073
-0.27303848,-0.29470231065869207
-0.26803848,-0.2959391212923216
-0.32,-0.3292943813987011
-0.39196152,-0.3635496428666517
-0.39696152,-0.36535705189179923
-0.34,-0.33184308300974086
-0.26303848,-0.29428346642574
-0.25803848,-0.28864337889140707
-0.315,-0.3212352344630233
